REF_DATE,GEO,DGUID,Estimate,North American Industry Classification System (NAICS),UOM,UOM_ID,SCALAR_FACTOR,SCALAR_ID,VECTOR,COORDINATE,VALUE,STATUS,SYMBOL,TERMINATED,DECIMALS
2001-01,Canada,2021A000011124,Average weekly earnings including overtime for all employees,Industrial aggregate excluding unclassified businesses [11-91N],Dollars,81,units,0,v79311153,1.2.2,657.36,,,,2
2001-02,Canada,2021A000011124,Average weekly earnings including overtime for all employees,Industrial aggregate excluding unclassified businesses [11-91N],Dollars,81,units,0,v79311153,1.2.2,653.8,,,,2
2001-03,Canada,2021A000011124,Average weekly earnings including overtime for all employees,Industrial aggregate excluding unclassified businesses [11-91N],Dollars,81,units,0,v79311153,1.2.2,655.4,,,,2
2001-04,Canada,2021A000011124,Average weekly earnings including overtime for all employees,Industrial aggregate excluding unclassified businesses [11-91N],Dollars,81,units,0,v79311153,1.2.2,652.66,,,,2
2001-05,Canada,2021A000011124,Average weekly earnings including overtime for all employees,Industrial aggregate excluding unclassified businesses [11-91N],Dollars,81,units,0,v79311153,1.2.2,652.49,,,,2
2001-06,Canada,2021A000011124,Average weekly earnings including overtime for all employees,Industrial aggregate excluding unclassified businesses [11-91N],Dollars,81,units,0,v79311153,1.2.2,657.03,,,,2
2001-07,Canada,2021A000011124,Average weekly earnings including overtime for all employees,Industrial aggregate excluding unclassified businesses [11-91N],Dollars,81,units,0,v79311153,1.2.2,656.66,,,,2
2001-08,Canada,2021A000011124,Average weekly earnings including overtime for all employees,Industrial aggregate excluding unclassified businesses [11-91N],Dollars,81,units,0,v79311153,1.2.2,659.75,,,,2
2001-09,Canada,2021A000011124,Average weekly earnings including overtime for all employees,Industrial aggregate excluding unclassified businesses [11-91N],Dollars,81,units,0,v79311153,1.2.2,660.22,,,,2
2001-10,Canada,2021A000011124,Average weekly earnings including overtime for all employees,Industrial aggregate excluding unclassified businesses [11-91N],Dollars,81,units,0,v79311153,1.2.2,661.25,,,,2
2001-11,Canada,2021A000011124,Average weekly earnings including overtime for all employees,Industrial aggregate excluding unclassified businesses [11-91N],Dollars,81,units,0,v79311153,1.2.2,659.99,,,,2
2001-12,Canada,2021A000011124,Average weekly earnings including overtime for all employees,Industrial aggregate excluding unclassified businesses [11-91N],Dollars,81,units,0,v79311153,1.2.2,660.58,,,,2
2002-01,Canada,2021A000011124,Average weekly earnings including overtime for all employees,Industrial aggregate excluding unclassified businesses [11-91N],Dollars,81,units,0,v79311153,1.2.2,663.43,,,,2
2002-02,Canada,2021A000011124,Average weekly earnings including overtime for all employees,Industrial aggregate excluding unclassified businesses [11-91N],Dollars,81,units,0,v79311153,1.2.2,660.13,,,,2
2002-03,Canada,2021A000011124,Average weekly earnings including overtime for all employees,Industrial aggregate excluding unclassified businesses [11-91N],Dollars,81,units,0,v79311153,1.2.2,667.45,,,,2
2002-04,Canada,2021A000011124,Average weekly earnings including overtime for all employees,Industrial aggregate excluding unclassified businesses [11-91N],Dollars,81,units,0,v79311153,1.2.2,672.46,,,,2
2002-05,Canada,2021A000011124,Average weekly earnings including overtime for all employees,Industrial aggregate excluding unclassified businesses [11-91N],Dollars,81,units,0,v79311153,1.2.2,671.84,,,,2
2002-06,Canada,2021A000011124,Average weekly earnings including overtime for all employees,Industrial aggregate excluding unclassified businesses [11-91N],Dollars,81,units,0,v79311153,1.2.2,670.72,,,,2
2002-07,Canada,2021A000011124,Average weekly earnings including overtime for all employees,Industrial aggregate excluding unclassified businesses [11-91N],Dollars,81,units,0,v79311153,1.2.2,677.13,,,,2
2002-08,Canada,2021A000011124,Average weekly earnings including overtime for all employees,Industrial aggregate excluding unclassified businesses [11-91N],Dollars,81,units,0,v79311153,1.2.2,672.55,,,,2
2002-09,Canada,2021A000011124,Average weekly earnings including overtime for all employees,Industrial aggregate excluding unclassified businesses [11-91N],Dollars,81,units,0,v79311153,1.2.2,674.26,,,,2
2002-10,Canada,2021A000011124,Average weekly earnings including overtime for all employees,Industrial aggregate excluding unclassified businesses [11-91N],Dollars,81,units,0,v79311153,1.2.2,679.67,,,,2
2002-11,Canada,2021A000011124,Average weekly earnings including overtime for all employees,Industrial aggregate excluding unclassified businesses [11-91N],Dollars,81,units,0,v79311153,1.2.2,680.67,,,,2
2002-12,Canada,2021A000011124,Average weekly earnings including overtime for all employees,Industrial aggregate excluding unclassified businesses [11-91N],Dollars,81,units,0,v79311153,1.2.2,685.57,,,,2
2003-01,Canada,2021A000011124,Average weekly earnings including overtime for all employees,Industrial aggregate excluding unclassified businesses [11-91N],Dollars,81,units,0,v79311153,1.2.2,680.75,,,,2
2003-02,Canada,2021A000011124,Average weekly earnings including overtime for all employees,Industrial aggregate excluding unclassified businesses [11-91N],Dollars,81,units,0,v79311153,1.2.2,687.27,,,,2
2003-03,Canada,2021A000011124,Average weekly earnings including overtime for all employees,Industrial aggregate excluding unclassified businesses [11-91N],Dollars,81,units,0,v79311153,1.2.2,682.71,,,,2
2003-04,Canada,2021A000011124,Average weekly earnings including overtime for all employees,Industrial aggregate excluding unclassified businesses [11-91N],Dollars,81,units,0,v79311153,1.2.2,686.09,,,,2
2003-05,Canada,2021A000011124,Average weekly earnings including overtime for all employees,Industrial aggregate excluding unclassified businesses [11-91N],Dollars,81,units,0,v79311153,1.2.2,685.09,,,,2
2003-06,Canada,2021A000011124,Average weekly earnings including overtime for all employees,Industrial aggregate excluding unclassified businesses [11-91N],Dollars,81,units,0,v79311153,1.2.2,691.7,,,,2
2003-07,Canada,2021A000011124,Average weekly earnings including overtime for all employees,Industrial aggregate excluding unclassified businesses [11-91N],Dollars,81,units,0,v79311153,1.2.2,691.13,,,,2
2003-08,Canada,2021A000011124,Average weekly earnings including overtime for all employees,Industrial aggregate excluding unclassified businesses [11-91N],Dollars,81,units,0,v79311153,1.2.2,694.46,,,,2
2003-09,Canada,2021A000011124,Average weekly earnings including overtime for all employees,Industrial aggregate excluding unclassified businesses [11-91N],Dollars,81,units,0,v79311153,1.2.2,697.47,,,,2
2003-10,Canada,2021A000011124,Average weekly earnings including overtime for all employees,Industrial aggregate excluding unclassified businesses [11-91N],Dollars,81,units,0,v79311153,1.2.2,697.15,,,,2
2003-11,Canada,2021A000011124,Average weekly earnings including overtime for all employees,Industrial aggregate excluding unclassified businesses [11-91N],Dollars,81,units,0,v79311153,1.2.2,700.72,,,,2
2003-12,Canada,2021A000011124,Average weekly earnings including overtime for all employees,Industrial aggregate excluding unclassified businesses [11-91N],Dollars,81,units,0,v79311153,1.2.2,698.76,,,,2
2004-01,Canada,2021A000011124,Average weekly earnings including overtime for all employees,Industrial aggregate excluding unclassified businesses [11-91N],Dollars,81,units,0,v79311153,1.2.2,702.23,,,,2
2004-02,Canada,2021A000011124,Average weekly earnings including overtime for all employees,Industrial aggregate excluding unclassified businesses [11-91N],Dollars,81,units,0,v79311153,1.2.2,701.8,,,,2
2004-03,Canada,2021A000011124,Average weekly earnings including overtime for all employees,Industrial aggregate excluding unclassified businesses [11-91N],Dollars,81,units,0,v79311153,1.2.2,705.49,,,,2
2004-04,Canada,2021A000011124,Average weekly earnings including overtime for all employees,Industrial aggregate excluding unclassified businesses [11-91N],Dollars,81,units,0,v79311153,1.2.2,704.41,,,,2
2004-05,Canada,2021A000011124,Average weekly earnings including overtime for all employees,Industrial aggregate excluding unclassified businesses [11-91N],Dollars,81,units,0,v79311153,1.2.2,710.26,,,,2
2004-06,Canada,2021A000011124,Average weekly earnings including overtime for all employees,Industrial aggregate excluding unclassified businesses [11-91N],Dollars,81,units,0,v79311153,1.2.2,706.11,,,,2
2004-07,Canada,2021A000011124,Average weekly earnings including overtime for all employees,Industrial aggregate excluding unclassified businesses [11-91N],Dollars,81,units,0,v79311153,1.2.2,709,,,,2
2004-08,Canada,2021A000011124,Average weekly earnings including overtime for all employees,Industrial aggregate excluding unclassified businesses [11-91N],Dollars,81,units,0,v79311153,1.2.2,711.72,,,,2
2004-09,Canada,2021A000011124,Average weekly earnings including overtime for all employees,Industrial aggregate excluding unclassified businesses [11-91N],Dollars,81,units,0,v79311153,1.2.2,710.78,,,,2
2004-10,Canada,2021A000011124,Average weekly earnings including overtime for all employees,Industrial aggregate excluding unclassified businesses [11-91N],Dollars,81,units,0,v79311153,1.2.2,712.38,,,,2
2004-11,Canada,2021A000011124,Average weekly earnings including overtime for all employees,Industrial aggregate excluding unclassified businesses [11-91N],Dollars,81,units,0,v79311153,1.2.2,717.24,,,,2
2004-12,Canada,2021A000011124,Average weekly earnings including overtime for all employees,Industrial aggregate excluding unclassified businesses [11-91N],Dollars,81,units,0,v79311153,1.2.2,719.77,,,,2
2005-01,Canada,2021A000011124,Average weekly earnings including overtime for all employees,Industrial aggregate excluding unclassified businesses [11-91N],Dollars,81,units,0,v79311153,1.2.2,725.54,,,,2
2005-02,Canada,2021A000011124,Average weekly earnings including overtime for all employees,Industrial aggregate excluding unclassified businesses [11-91N],Dollars,81,units,0,v79311153,1.2.2,731.98,,,,2
2005-03,Canada,2021A000011124,Average weekly earnings including overtime for all employees,Industrial aggregate excluding unclassified businesses [11-91N],Dollars,81,units,0,v79311153,1.2.2,725.52,,,,2
2005-04,Canada,2021A000011124,Average weekly earnings including overtime for all employees,Industrial aggregate excluding unclassified businesses [11-91N],Dollars,81,units,0,v79311153,1.2.2,728.97,,,,2
2005-05,Canada,2021A000011124,Average weekly earnings including overtime for all employees,Industrial aggregate excluding unclassified businesses [11-91N],Dollars,81,units,0,v79311153,1.2.2,733.3,,,,2
2005-06,Canada,2021A000011124,Average weekly earnings including overtime for all employees,Industrial aggregate excluding unclassified businesses [11-91N],Dollars,81,units,0,v79311153,1.2.2,735.75,,,,2
2005-07,Canada,2021A000011124,Average weekly earnings including overtime for all employees,Industrial aggregate excluding unclassified businesses [11-91N],Dollars,81,units,0,v79311153,1.2.2,736.08,,,,2
2005-08,Canada,2021A000011124,Average weekly earnings including overtime for all employees,Industrial aggregate excluding unclassified businesses [11-91N],Dollars,81,units,0,v79311153,1.2.2,741.61,,,,2
2005-09,Canada,2021A000011124,Average weekly earnings including overtime for all employees,Industrial aggregate excluding unclassified businesses [11-91N],Dollars,81,units,0,v79311153,1.2.2,749.59,,,,2
2005-10,Canada,2021A000011124,Average weekly earnings including overtime for all employees,Industrial aggregate excluding unclassified businesses [11-91N],Dollars,81,units,0,v79311153,1.2.2,745.81,,,,2
2005-11,Canada,2021A000011124,Average weekly earnings including overtime for all employees,Industrial aggregate excluding unclassified businesses [11-91N],Dollars,81,units,0,v79311153,1.2.2,745.05,,,,2
2005-12,Canada,2021A000011124,Average weekly earnings including overtime for all employees,Industrial aggregate excluding unclassified businesses [11-91N],Dollars,81,units,0,v79311153,1.2.2,744.17,,,,2
2006-01,Canada,2021A000011124,Average weekly earnings including overtime for all employees,Industrial aggregate excluding unclassified businesses [11-91N],Dollars,81,units,0,v79311153,1.2.2,745.93,,,,2
2006-02,Canada,2021A000011124,Average weekly earnings including overtime for all employees,Industrial aggregate excluding unclassified businesses [11-91N],Dollars,81,units,0,v79311153,1.2.2,745.78,,,,2
2006-03,Canada,2021A000011124,Average weekly earnings including overtime for all employees,Industrial aggregate excluding unclassified businesses [11-91N],Dollars,81,units,0,v79311153,1.2.2,748.61,,,,2
2006-04,Canada,2021A000011124,Average weekly earnings including overtime for all employees,Industrial aggregate excluding unclassified businesses [11-91N],Dollars,81,units,0,v79311153,1.2.2,750.69,,,,2
2006-05,Canada,2021A000011124,Average weekly earnings including overtime for all employees,Industrial aggregate excluding unclassified businesses [11-91N],Dollars,81,units,0,v79311153,1.2.2,751.17,,,,2
2006-06,Canada,2021A000011124,Average weekly earnings including overtime for all employees,Industrial aggregate excluding unclassified businesses [11-91N],Dollars,81,units,0,v79311153,1.2.2,751.96,,,,2
2006-07,Canada,2021A000011124,Average weekly earnings including overtime for all employees,Industrial aggregate excluding unclassified businesses [11-91N],Dollars,81,units,0,v79311153,1.2.2,754.68,,,,2
2006-08,Canada,2021A000011124,Average weekly earnings including overtime for all employees,Industrial aggregate excluding unclassified businesses [11-91N],Dollars,81,units,0,v79311153,1.2.2,759.05,,,,2
2006-09,Canada,2021A000011124,Average weekly earnings including overtime for all employees,Industrial aggregate excluding unclassified businesses [11-91N],Dollars,81,units,0,v79311153,1.2.2,756.72,,,,2
2006-10,Canada,2021A000011124,Average weekly earnings including overtime for all employees,Industrial aggregate excluding unclassified businesses [11-91N],Dollars,81,units,0,v79311153,1.2.2,762.38,,,,2
2006-11,Canada,2021A000011124,Average weekly earnings including overtime for all employees,Industrial aggregate excluding unclassified businesses [11-91N],Dollars,81,units,0,v79311153,1.2.2,761.14,,,,2
2006-12,Canada,2021A000011124,Average weekly earnings including overtime for all employees,Industrial aggregate excluding unclassified businesses [11-91N],Dollars,81,units,0,v79311153,1.2.2,772.71,,,,2
2007-01,Canada,2021A000011124,Average weekly earnings including overtime for all employees,Industrial aggregate excluding unclassified businesses [11-91N],Dollars,81,units,0,v79311153,1.2.2,774.07,,,,2
2007-02,Canada,2021A000011124,Average weekly earnings including overtime for all employees,Industrial aggregate excluding unclassified businesses [11-91N],Dollars,81,units,0,v79311153,1.2.2,771.21,,,,2
2007-03,Canada,2021A000011124,Average weekly earnings including overtime for all employees,Industrial aggregate excluding unclassified businesses [11-91N],Dollars,81,units,0,v79311153,1.2.2,780.91,,,,2
2007-04,Canada,2021A000011124,Average weekly earnings including overtime for all employees,Industrial aggregate excluding unclassified businesses [11-91N],Dollars,81,units,0,v79311153,1.2.2,781.57,,,,2
2007-05,Canada,2021A000011124,Average weekly earnings including overtime for all employees,Industrial aggregate excluding unclassified businesses [11-91N],Dollars,81,units,0,v79311153,1.2.2,786.17,,,,2
2007-06,Canada,2021A000011124,Average weekly earnings including overtime for all employees,Industrial aggregate excluding unclassified businesses [11-91N],Dollars,81,units,0,v79311153,1.2.2,790.94,,,,2
2007-07,Canada,2021A000011124,Average weekly earnings including overtime for all employees,Industrial aggregate excluding unclassified businesses [11-91N],Dollars,81,units,0,v79311153,1.2.2,791.98,,,,2
2007-08,Canada,2021A000011124,Average weekly earnings including overtime for all employees,Industrial aggregate excluding unclassified businesses [11-91N],Dollars,81,units,0,v79311153,1.2.2,789.5,,,,2
2007-09,Canada,2021A000011124,Average weekly earnings including overtime for all employees,Industrial aggregate excluding unclassified businesses [11-91N],Dollars,81,units,0,v79311153,1.2.2,790.84,,,,2
2007-10,Canada,2021A000011124,Average weekly earnings including overtime for all employees,Industrial aggregate excluding unclassified businesses [11-91N],Dollars,81,units,0,v79311153,1.2.2,794.09,,,,2
2007-11,Canada,2021A000011124,Average weekly earnings including overtime for all employees,Industrial aggregate excluding unclassified businesses [11-91N],Dollars,81,units,0,v79311153,1.2.2,799.67,,,,2
2007-12,Canada,2021A000011124,Average weekly earnings including overtime for all employees,Industrial aggregate excluding unclassified businesses [11-91N],Dollars,81,units,0,v79311153,1.2.2,798.54,,,,2
2008-01,Canada,2021A000011124,Average weekly earnings including overtime for all employees,Industrial aggregate excluding unclassified businesses [11-91N],Dollars,81,units,0,v79311153,1.2.2,798.27,,,,2
2008-02,Canada,2021A000011124,Average weekly earnings including overtime for all employees,Industrial aggregate excluding unclassified businesses [11-91N],Dollars,81,units,0,v79311153,1.2.2,803.74,,,,2
2008-03,Canada,2021A000011124,Average weekly earnings including overtime for all employees,Industrial aggregate excluding unclassified businesses [11-91N],Dollars,81,units,0,v79311153,1.2.2,805.49,,,,2
2008-04,Canada,2021A000011124,Average weekly earnings including overtime for all employees,Industrial aggregate excluding unclassified businesses [11-91N],Dollars,81,units,0,v79311153,1.2.2,809.31,,,,2
2008-05,Canada,2021A000011124,Average weekly earnings including overtime for all employees,Industrial aggregate excluding unclassified businesses [11-91N],Dollars,81,units,0,v79311153,1.2.2,808.84,,,,2
2008-06,Canada,2021A000011124,Average weekly earnings including overtime for all employees,Industrial aggregate excluding unclassified businesses [11-91N],Dollars,81,units,0,v79311153,1.2.2,809.76,,,,2
2008-07,Canada,2021A000011124,Average weekly earnings including overtime for all employees,Industrial aggregate excluding unclassified businesses [11-91N],Dollars,81,units,0,v79311153,1.2.2,811.19,,,,2
2008-08,Canada,2021A000011124,Average weekly earnings including overtime for all employees,Industrial aggregate excluding unclassified businesses [11-91N],Dollars,81,units,0,v79311153,1.2.2,811.77,,,,2
2008-09,Canada,2021A000011124,Average weekly earnings including overtime for all employees,Industrial aggregate excluding unclassified businesses [11-91N],Dollars,81,units,0,v79311153,1.2.2,813.47,,,,2
2008-10,Canada,2021A000011124,Average weekly earnings including overtime for all employees,Industrial aggregate excluding unclassified businesses [11-91N],Dollars,81,units,0,v79311153,1.2.2,818.1,,,,2
2008-11,Canada,2021A000011124,Average weekly earnings including overtime for all employees,Industrial aggregate excluding unclassified businesses [11-91N],Dollars,81,units,0,v79311153,1.2.2,818.74,,,,2
2008-12,Canada,2021A000011124,Average weekly earnings including overtime for all employees,Industrial aggregate excluding unclassified businesses [11-91N],Dollars,81,units,0,v79311153,1.2.2,813.43,,,,2
2009-01,Canada,2021A000011124,Average weekly earnings including overtime for all employees,Industrial aggregate excluding unclassified businesses [11-91N],Dollars,81,units,0,v79311153,1.2.2,815.94,A,,,2
2009-02,Canada,2021A000011124,Average weekly earnings including overtime for all employees,Industrial aggregate excluding unclassified businesses [11-91N],Dollars,81,units,0,v79311153,1.2.2,818.61,A,,,2
2009-03,Canada,2021A000011124,Average weekly earnings including overtime for all employees,Industrial aggregate excluding unclassified businesses [11-91N],Dollars,81,units,0,v79311153,1.2.2,820.06,A,,,2
2009-04,Canada,2021A000011124,Average weekly earnings including overtime for all employees,Industrial aggregate excluding unclassified businesses [11-91N],Dollars,81,units,0,v79311153,1.2.2,817.66,A,,,2
2009-05,Canada,2021A000011124,Average weekly earnings including overtime for all employees,Industrial aggregate excluding unclassified businesses [11-91N],Dollars,81,units,0,v79311153,1.2.2,818.15,A,,,2
2009-06,Canada,2021A000011124,Average weekly earnings including overtime for all employees,Industrial aggregate excluding unclassified businesses [11-91N],Dollars,81,units,0,v79311153,1.2.2,821.22,A,,,2
2009-07,Canada,2021A000011124,Average weekly earnings including overtime for all employees,Industrial aggregate excluding unclassified businesses [11-91N],Dollars,81,units,0,v79311153,1.2.2,822.33,A,,,2
2009-08,Canada,2021A000011124,Average weekly earnings including overtime for all employees,Industrial aggregate excluding unclassified businesses [11-91N],Dollars,81,units,0,v79311153,1.2.2,821.93,A,,,2
2009-09,Canada,2021A000011124,Average weekly earnings including overtime for all employees,Industrial aggregate excluding unclassified businesses [11-91N],Dollars,81,units,0,v79311153,1.2.2,827.11,A,,,2
2009-10,Canada,2021A000011124,Average weekly earnings including overtime for all employees,Industrial aggregate excluding unclassified businesses [11-91N],Dollars,81,units,0,v79311153,1.2.2,825.38,A,,,2
2009-11,Canada,2021A000011124,Average weekly earnings including overtime for all employees,Industrial aggregate excluding unclassified businesses [11-91N],Dollars,81,units,0,v79311153,1.2.2,828.15,A,,,2
2009-12,Canada,2021A000011124,Average weekly earnings including overtime for all employees,Industrial aggregate excluding unclassified businesses [11-91N],Dollars,81,units,0,v79311153,1.2.2,833.11,A,,,2
2010-01,Canada,2021A000011124,Average weekly earnings including overtime for all employees,Industrial aggregate excluding unclassified businesses [11-91N],Dollars,81,units,0,v79311153,1.2.2,834.36,A,,,2
2010-02,Canada,2021A000011124,Average weekly earnings including overtime for all employees,Industrial aggregate excluding unclassified businesses [11-91N],Dollars,81,units,0,v79311153,1.2.2,841.54,A,,,2
2010-03,Canada,2021A000011124,Average weekly earnings including overtime for all employees,Industrial aggregate excluding unclassified businesses [11-91N],Dollars,81,units,0,v79311153,1.2.2,842.01,A,,,2
2010-04,Canada,2021A000011124,Average weekly earnings including overtime for all employees,Industrial aggregate excluding unclassified businesses [11-91N],Dollars,81,units,0,v79311153,1.2.2,845.79,A,,,2
2010-05,Canada,2021A000011124,Average weekly earnings including overtime for all employees,Industrial aggregate excluding unclassified businesses [11-91N],Dollars,81,units,0,v79311153,1.2.2,847.06,A,,,2
2010-06,Canada,2021A000011124,Average weekly earnings including overtime for all employees,Industrial aggregate excluding unclassified businesses [11-91N],Dollars,81,units,0,v79311153,1.2.2,850.35,A,,,2
2010-07,Canada,2021A000011124,Average weekly earnings including overtime for all employees,Industrial aggregate excluding unclassified businesses [11-91N],Dollars,81,units,0,v79311153,1.2.2,853.54,A,,,2
2010-08,Canada,2021A000011124,Average weekly earnings including overtime for all employees,Industrial aggregate excluding unclassified businesses [11-91N],Dollars,81,units,0,v79311153,1.2.2,858.61,A,,,2
2010-09,Canada,2021A000011124,Average weekly earnings including overtime for all employees,Industrial aggregate excluding unclassified businesses [11-91N],Dollars,81,units,0,v79311153,1.2.2,864.38,A,,,2
2010-10,Canada,2021A000011124,Average weekly earnings including overtime for all employees,Industrial aggregate excluding unclassified businesses [11-91N],Dollars,81,units,0,v79311153,1.2.2,860.08,A,,,2
2010-11,Canada,2021A000011124,Average weekly earnings including overtime for all employees,Industrial aggregate excluding unclassified businesses [11-91N],Dollars,81,units,0,v79311153,1.2.2,863.8,A,,,2
2010-12,Canada,2021A000011124,Average weekly earnings including overtime for all employees,Industrial aggregate excluding unclassified businesses [11-91N],Dollars,81,units,0,v79311153,1.2.2,866.32,A,,,2
2011-01,Canada,2021A000011124,Average weekly earnings including overtime for all employees,Industrial aggregate excluding unclassified businesses [11-91N],Dollars,81,units,0,v79311153,1.2.2,872.72,A,,,2
2011-02,Canada,2021A000011124,Average weekly earnings including overtime for all employees,Industrial aggregate excluding unclassified businesses [11-91N],Dollars,81,units,0,v79311153,1.2.2,870.85,A,,,2
2011-03,Canada,2021A000011124,Average weekly earnings including overtime for all employees,Industrial aggregate excluding unclassified businesses [11-91N],Dollars,81,units,0,v79311153,1.2.2,870.39,A,,,2
2011-04,Canada,2021A000011124,Average weekly earnings including overtime for all employees,Industrial aggregate excluding unclassified businesses [11-91N],Dollars,81,units,0,v79311153,1.2.2,870.22,A,,,2
2011-05,Canada,2021A000011124,Average weekly earnings including overtime for all employees,Industrial aggregate excluding unclassified businesses [11-91N],Dollars,81,units,0,v79311153,1.2.2,871.56,A,,,2
2011-06,Canada,2021A000011124,Average weekly earnings including overtime for all employees,Industrial aggregate excluding unclassified businesses [11-91N],Dollars,81,units,0,v79311153,1.2.2,870.5,A,,,2
2011-07,Canada,2021A000011124,Average weekly earnings including overtime for all employees,Industrial aggregate excluding unclassified businesses [11-91N],Dollars,81,units,0,v79311153,1.2.2,868.95,A,,,2
2011-08,Canada,2021A000011124,Average weekly earnings including overtime for all employees,Industrial aggregate excluding unclassified businesses [11-91N],Dollars,81,units,0,v79311153,1.2.2,872.67,A,,,2
2011-09,Canada,2021A000011124,Average weekly earnings including overtime for all employees,Industrial aggregate excluding unclassified businesses [11-91N],Dollars,81,units,0,v79311153,1.2.2,872.48,A,,,2
2011-10,Canada,2021A000011124,Average weekly earnings including overtime for all employees,Industrial aggregate excluding unclassified businesses [11-91N],Dollars,81,units,0,v79311153,1.2.2,881.94,A,,,2
2011-11,Canada,2021A000011124,Average weekly earnings including overtime for all employees,Industrial aggregate excluding unclassified businesses [11-91N],Dollars,81,units,0,v79311153,1.2.2,880.37,A,,,2
2011-12,Canada,2021A000011124,Average weekly earnings including overtime for all employees,Industrial aggregate excluding unclassified businesses [11-91N],Dollars,81,units,0,v79311153,1.2.2,881.02,A,,,2
2012-01,Canada,2021A000011124,Average weekly earnings including overtime for all employees,Industrial aggregate excluding unclassified businesses [11-91N],Dollars,81,units,0,v79311153,1.2.2,885.08,A,,,2
2012-02,Canada,2021A000011124,Average weekly earnings including overtime for all employees,Industrial aggregate excluding unclassified businesses [11-91N],Dollars,81,units,0,v79311153,1.2.2,881.2,A,,,2
2012-03,Canada,2021A000011124,Average weekly earnings including overtime for all employees,Industrial aggregate excluding unclassified businesses [11-91N],Dollars,81,units,0,v79311153,1.2.2,887.13,A,,,2
2012-04,Canada,2021A000011124,Average weekly earnings including overtime for all employees,Industrial aggregate excluding unclassified businesses [11-91N],Dollars,81,units,0,v79311153,1.2.2,889.77,A,,,2
2012-05,Canada,2021A000011124,Average weekly earnings including overtime for all employees,Industrial aggregate excluding unclassified businesses [11-91N],Dollars,81,units,0,v79311153,1.2.2,890.16,A,,,2
2012-06,Canada,2021A000011124,Average weekly earnings including overtime for all employees,Industrial aggregate excluding unclassified businesses [11-91N],Dollars,81,units,0,v79311153,1.2.2,893.89,A,,,2
2012-07,Canada,2021A000011124,Average weekly earnings including overtime for all employees,Industrial aggregate excluding unclassified businesses [11-91N],Dollars,81,units,0,v79311153,1.2.2,900.66,A,,,2
2012-08,Canada,2021A000011124,Average weekly earnings including overtime for all employees,Industrial aggregate excluding unclassified businesses [11-91N],Dollars,81,units,0,v79311153,1.2.2,904.38,A,,,2
2012-09,Canada,2021A000011124,Average weekly earnings including overtime for all employees,Industrial aggregate excluding unclassified businesses [11-91N],Dollars,81,units,0,v79311153,1.2.2,902.66,A,,,2
2012-10,Canada,2021A000011124,Average weekly earnings including overtime for all employees,Industrial aggregate excluding unclassified businesses [11-91N],Dollars,81,units,0,v79311153,1.2.2,903.25,A,,,2
2012-11,Canada,2021A000011124,Average weekly earnings including overtime for all employees,Industrial aggregate excluding unclassified businesses [11-91N],Dollars,81,units,0,v79311153,1.2.2,904.19,A,,,2
2012-12,Canada,2021A000011124,Average weekly earnings including overtime for all employees,Industrial aggregate excluding unclassified businesses [11-91N],Dollars,81,units,0,v79311153,1.2.2,903.65,A,,,2
2013-01,Canada,2021A000011124,Average weekly earnings including overtime for all employees,Industrial aggregate excluding unclassified businesses [11-91N],Dollars,81,units,0,v79311153,1.2.2,901.05,A,,,2
2013-02,Canada,2021A000011124,Average weekly earnings including overtime for all employees,Industrial aggregate excluding unclassified businesses [11-91N],Dollars,81,units,0,v79311153,1.2.2,905.59,A,,,2
2013-03,Canada,2021A000011124,Average weekly earnings including overtime for all employees,Industrial aggregate excluding unclassified businesses [11-91N],Dollars,81,units,0,v79311153,1.2.2,903.42,A,,,2
2013-04,Canada,2021A000011124,Average weekly earnings including overtime for all employees,Industrial aggregate excluding unclassified businesses [11-91N],Dollars,81,units,0,v79311153,1.2.2,904.86,A,,,2
2013-05,Canada,2021A000011124,Average weekly earnings including overtime for all employees,Industrial aggregate excluding unclassified businesses [11-91N],Dollars,81,units,0,v79311153,1.2.2,913.11,A,,,2
2013-06,Canada,2021A000011124,Average weekly earnings including overtime for all employees,Industrial aggregate excluding unclassified businesses [11-91N],Dollars,81,units,0,v79311153,1.2.2,910.61,A,,,2
2013-07,Canada,2021A000011124,Average weekly earnings including overtime for all employees,Industrial aggregate excluding unclassified businesses [11-91N],Dollars,81,units,0,v79311153,1.2.2,909.81,A,,,2
2013-08,Canada,2021A000011124,Average weekly earnings including overtime for all employees,Industrial aggregate excluding unclassified businesses [11-91N],Dollars,81,units,0,v79311153,1.2.2,911.67,A,,,2
2013-09,Canada,2021A000011124,Average weekly earnings including overtime for all employees,Industrial aggregate excluding unclassified businesses [11-91N],Dollars,81,units,0,v79311153,1.2.2,912.88,A,,,2
2013-10,Canada,2021A000011124,Average weekly earnings including overtime for all employees,Industrial aggregate excluding unclassified businesses [11-91N],Dollars,81,units,0,v79311153,1.2.2,916.62,A,,,2
2013-11,Canada,2021A000011124,Average weekly earnings including overtime for all employees,Industrial aggregate excluding unclassified businesses [11-91N],Dollars,81,units,0,v79311153,1.2.2,923.09,A,,,2
2013-12,Canada,2021A000011124,Average weekly earnings including overtime for all employees,Industrial aggregate excluding unclassified businesses [11-91N],Dollars,81,units,0,v79311153,1.2.2,924.37,A,,,2
2014-01,Canada,2021A000011124,Average weekly earnings including overtime for all employees,Industrial aggregate excluding unclassified businesses [11-91N],Dollars,81,units,0,v79311153,1.2.2,923.53,A,,,2
2014-02,Canada,2021A000011124,Average weekly earnings including overtime for all employees,Industrial aggregate excluding unclassified businesses [11-91N],Dollars,81,units,0,v79311153,1.2.2,926.77,A,,,2
2014-03,Canada,2021A000011124,Average weekly earnings including overtime for all employees,Industrial aggregate excluding unclassified businesses [11-91N],Dollars,81,units,0,v79311153,1.2.2,927.01,A,,,2
2014-04,Canada,2021A000011124,Average weekly earnings including overtime for all employees,Industrial aggregate excluding unclassified businesses [11-91N],Dollars,81,units,0,v79311153,1.2.2,931.65,A,,,2
2014-05,Canada,2021A000011124,Average weekly earnings including overtime for all employees,Industrial aggregate excluding unclassified businesses [11-91N],Dollars,81,units,0,v79311153,1.2.2,935.97,A,,,2
2014-06,Canada,2021A000011124,Average weekly earnings including overtime for all employees,Industrial aggregate excluding unclassified businesses [11-91N],Dollars,81,units,0,v79311153,1.2.2,936.86,A,,,2
2014-07,Canada,2021A000011124,Average weekly earnings including overtime for all employees,Industrial aggregate excluding unclassified businesses [11-91N],Dollars,81,units,0,v79311153,1.2.2,942.56,A,,,2
2014-08,Canada,2021A000011124,Average weekly earnings including overtime for all employees,Industrial aggregate excluding unclassified businesses [11-91N],Dollars,81,units,0,v79311153,1.2.2,940.25,A,,,2
2014-09,Canada,2021A000011124,Average weekly earnings including overtime for all employees,Industrial aggregate excluding unclassified businesses [11-91N],Dollars,81,units,0,v79311153,1.2.2,940.46,A,,,2
2014-10,Canada,2021A000011124,Average weekly earnings including overtime for all employees,Industrial aggregate excluding unclassified businesses [11-91N],Dollars,81,units,0,v79311153,1.2.2,942.16,A,,,2
2014-11,Canada,2021A000011124,Average weekly earnings including overtime for all employees,Industrial aggregate excluding unclassified businesses [11-91N],Dollars,81,units,0,v79311153,1.2.2,939.04,A,,,2
2014-12,Canada,2021A000011124,Average weekly earnings including overtime for all employees,Industrial aggregate excluding unclassified businesses [11-91N],Dollars,81,units,0,v79311153,1.2.2,939.92,A,,,2
2015-01,Canada,2021A000011124,Average weekly earnings including overtime for all employees,Industrial aggregate excluding unclassified businesses [11-91N],Dollars,81,units,0,v79311153,1.2.2,948.74,A,,,2
2015-02,Canada,2021A000011124,Average weekly earnings including overtime for all employees,Industrial aggregate excluding unclassified businesses [11-91N],Dollars,81,units,0,v79311153,1.2.2,949.78,A,,,2
2015-03,Canada,2021A000011124,Average weekly earnings including overtime for all employees,Industrial aggregate excluding unclassified businesses [11-91N],Dollars,81,units,0,v79311153,1.2.2,951.8,A,,,2
2015-04,Canada,2021A000011124,Average weekly earnings including overtime for all employees,Industrial aggregate excluding unclassified businesses [11-91N],Dollars,81,units,0,v79311153,1.2.2,954.32,A,,,2
2015-05,Canada,2021A000011124,Average weekly earnings including overtime for all employees,Industrial aggregate excluding unclassified businesses [11-91N],Dollars,81,units,0,v79311153,1.2.2,948.44,A,,,2
2015-06,Canada,2021A000011124,Average weekly earnings including overtime for all employees,Industrial aggregate excluding unclassified businesses [11-91N],Dollars,81,units,0,v79311153,1.2.2,953.44,A,,,2
2015-07,Canada,2021A000011124,Average weekly earnings including overtime for all employees,Industrial aggregate excluding unclassified businesses [11-91N],Dollars,81,units,0,v79311153,1.2.2,957.39,A,,,2
2015-08,Canada,2021A000011124,Average weekly earnings including overtime for all employees,Industrial aggregate excluding unclassified businesses [11-91N],Dollars,81,units,0,v79311153,1.2.2,945.35,A,,,2
2015-09,Canada,2021A000011124,Average weekly earnings including overtime for all employees,Industrial aggregate excluding unclassified businesses [11-91N],Dollars,81,units,0,v79311153,1.2.2,954.42,A,,,2
2015-10,Canada,2021A000011124,Average weekly earnings including overtime for all employees,Industrial aggregate excluding unclassified businesses [11-91N],Dollars,81,units,0,v79311153,1.2.2,955.76,A,,,2
2015-11,Canada,2021A000011124,Average weekly earnings including overtime for all employees,Industrial aggregate excluding unclassified businesses [11-91N],Dollars,81,units,0,v79311153,1.2.2,951.79,A,,,2
2015-12,Canada,2021A000011124,Average weekly earnings including overtime for all employees,Industrial aggregate excluding unclassified businesses [11-91N],Dollars,81,units,0,v79311153,1.2.2,954.78,A,,,2
2016-01,Canada,2021A000011124,Average weekly earnings including overtime for all employees,Industrial aggregate excluding unclassified businesses [11-91N],Dollars,81,units,0,v79311153,1.2.2,950.14,A,,,2
2016-02,Canada,2021A000011124,Average weekly earnings including overtime for all employees,Industrial aggregate excluding unclassified businesses [11-91N],Dollars,81,units,0,v79311153,1.2.2,954.38,A,,,2
2016-03,Canada,2021A000011124,Average weekly earnings including overtime for all employees,Industrial aggregate excluding unclassified businesses [11-91N],Dollars,81,units,0,v79311153,1.2.2,955.91,A,,,2
2016-04,Canada,2021A000011124,Average weekly earnings including overtime for all employees,Industrial aggregate excluding unclassified businesses [11-91N],Dollars,81,units,0,v79311153,1.2.2,953.34,A,,,2
2016-05,Canada,2021A000011124,Average weekly earnings including overtime for all employees,Industrial aggregate excluding unclassified businesses [11-91N],Dollars,81,units,0,v79311153,1.2.2,954.55,A,,,2
2016-06,Canada,2021A000011124,Average weekly earnings including overtime for all employees,Industrial aggregate excluding unclassified businesses [11-91N],Dollars,81,units,0,v79311153,1.2.2,957.09,A,,,2
2016-07,Canada,2021A000011124,Average weekly earnings including overtime for all employees,Industrial aggregate excluding unclassified businesses [11-91N],Dollars,81,units,0,v79311153,1.2.2,957.35,A,,,2
2016-08,Canada,2021A000011124,Average weekly earnings including overtime for all employees,Industrial aggregate excluding unclassified businesses [11-91N],Dollars,81,units,0,v79311153,1.2.2,959.12,A,,,2
2016-09,Canada,2021A000011124,Average weekly earnings including overtime for all employees,Industrial aggregate excluding unclassified businesses [11-91N],Dollars,81,units,0,v79311153,1.2.2,956.07,A,,,2
2016-10,Canada,2021A000011124,Average weekly earnings including overtime for all employees,Industrial aggregate excluding unclassified businesses [11-91N],Dollars,81,units,0,v79311153,1.2.2,955.43,A,,,2
2016-11,Canada,2021A000011124,Average weekly earnings including overtime for all employees,Industrial aggregate excluding unclassified businesses [11-91N],Dollars,81,units,0,v79311153,1.2.2,960.37,A,,,2
2016-12,Canada,2021A000011124,Average weekly earnings including overtime for all employees,Industrial aggregate excluding unclassified businesses [11-91N],Dollars,81,units,0,v79311153,1.2.2,968.46,A,,,2
2017-01,Canada,2021A000011124,Average weekly earnings including overtime for all employees,Industrial aggregate excluding unclassified businesses [11-91N],Dollars,81,units,0,v79311153,1.2.2,967.29,A,,,2
2017-02,Canada,2021A000011124,Average weekly earnings including overtime for all employees,Industrial aggregate excluding unclassified businesses [11-91N],Dollars,81,units,0,v79311153,1.2.2,964.62,A,,,2
2017-03,Canada,2021A000011124,Average weekly earnings including overtime for all employees,Industrial aggregate excluding unclassified businesses [11-91N],Dollars,81,units,0,v79311153,1.2.2,967.25,A,,,2
2017-04,Canada,2021A000011124,Average weekly earnings including overtime for all employees,Industrial aggregate excluding unclassified businesses [11-91N],Dollars,81,units,0,v79311153,1.2.2,971.4,A,,,2
2017-05,Canada,2021A000011124,Average weekly earnings including overtime for all employees,Industrial aggregate excluding unclassified businesses [11-91N],Dollars,81,units,0,v79311153,1.2.2,969.77,A,,,2
2017-06,Canada,2021A000011124,Average weekly earnings including overtime for all employees,Industrial aggregate excluding unclassified businesses [11-91N],Dollars,81,units,0,v79311153,1.2.2,972.42,A,,,2
2017-07,Canada,2021A000011124,Average weekly earnings including overtime for all employees,Industrial aggregate excluding unclassified businesses [11-91N],Dollars,81,units,0,v79311153,1.2.2,970.29,A,,,2
2017-08,Canada,2021A000011124,Average weekly earnings including overtime for all employees,Industrial aggregate excluding unclassified businesses [11-91N],Dollars,81,units,0,v79311153,1.2.2,977.39,A,,,2
2017-09,Canada,2021A000011124,Average weekly earnings including overtime for all employees,Industrial aggregate excluding unclassified businesses [11-91N],Dollars,81,units,0,v79311153,1.2.2,986.45,A,,,2
2017-10,Canada,2021A000011124,Average weekly earnings including overtime for all employees,Industrial aggregate excluding unclassified businesses [11-91N],Dollars,81,units,0,v79311153,1.2.2,984.01,A,,,2
2017-11,Canada,2021A000011124,Average weekly earnings including overtime for all employees,Industrial aggregate excluding unclassified businesses [11-91N],Dollars,81,units,0,v79311153,1.2.2,991.47,A,,,2
2017-12,Canada,2021A000011124,Average weekly earnings including overtime for all employees,Industrial aggregate excluding unclassified businesses [11-91N],Dollars,81,units,0,v79311153,1.2.2,992.09,A,,,2
2018-01,Canada,2021A000011124,Average weekly earnings including overtime for all employees,Industrial aggregate excluding unclassified businesses [11-91N],Dollars,81,units,0,v79311153,1.2.2,991.91,A,,,2
2018-02,Canada,2021A000011124,Average weekly earnings including overtime for all employees,Industrial aggregate excluding unclassified businesses [11-91N],Dollars,81,units,0,v79311153,1.2.2,999.08,A,,,2
2018-03,Canada,2021A000011124,Average weekly earnings including overtime for all employees,Industrial aggregate excluding unclassified businesses [11-91N],Dollars,81,units,0,v79311153,1.2.2,998.04,A,,,2
2018-04,Canada,2021A000011124,Average weekly earnings including overtime for all employees,Industrial aggregate excluding unclassified businesses [11-91N],Dollars,81,units,0,v79311153,1.2.2,993.71,A,,,2
2018-05,Canada,2021A000011124,Average weekly earnings including overtime for all employees,Industrial aggregate excluding unclassified businesses [11-91N],Dollars,81,units,0,v79311153,1.2.2,993.82,A,,,2
2018-06,Canada,2021A000011124,Average weekly earnings including overtime for all employees,Industrial aggregate excluding unclassified businesses [11-91N],Dollars,81,units,0,v79311153,1.2.2,1002.26,A,,,2
2018-07,Canada,2021A000011124,Average weekly earnings including overtime for all employees,Industrial aggregate excluding unclassified businesses [11-91N],Dollars,81,units,0,v79311153,1.2.2,1000.22,A,,,2
2018-08,Canada,2021A000011124,Average weekly earnings including overtime for all employees,Industrial aggregate excluding unclassified businesses [11-91N],Dollars,81,units,0,v79311153,1.2.2,1006.25,A,,,2
2018-09,Canada,2021A000011124,Average weekly earnings including overtime for all employees,Industrial aggregate excluding unclassified businesses [11-91N],Dollars,81,units,0,v79311153,1.2.2,1001.45,A,,,2
2018-10,Canada,2021A000011124,Average weekly earnings including overtime for all employees,Industrial aggregate excluding unclassified businesses [11-91N],Dollars,81,units,0,v79311153,1.2.2,1008.07,A,,,2
2018-11,Canada,2021A000011124,Average weekly earnings including overtime for all employees,Industrial aggregate excluding unclassified businesses [11-91N],Dollars,81,units,0,v79311153,1.2.2,1011.87,A,,,2
2018-12,Canada,2021A000011124,Average weekly earnings including overtime for all employees,Industrial aggregate excluding unclassified businesses [11-91N],Dollars,81,units,0,v79311153,1.2.2,1009.51,A,,,2
2019-01,Canada,2021A000011124,Average weekly earnings including overtime for all employees,Industrial aggregate excluding unclassified businesses [11-91N],Dollars,81,units,0,v79311153,1.2.2,1009.69,A,,,2
2019-02,Canada,2021A000011124,Average weekly earnings including overtime for all employees,Industrial aggregate excluding unclassified businesses [11-91N],Dollars,81,units,0,v79311153,1.2.2,1008.95,A,,,2
2019-03,Canada,2021A000011124,Average weekly earnings including overtime for all employees,Industrial aggregate excluding unclassified businesses [11-91N],Dollars,81,units,0,v79311153,1.2.2,1015.13,A,,,2
2019-04,Canada,2021A000011124,Average weekly earnings including overtime for all employees,Industrial aggregate excluding unclassified businesses [11-91N],Dollars,81,units,0,v79311153,1.2.2,1017.4,A,,,2
2019-05,Canada,2021A000011124,Average weekly earnings including overtime for all employees,Industrial aggregate excluding unclassified businesses [11-91N],Dollars,81,units,0,v79311153,1.2.2,1029.2,A,,,2
2019-06,Canada,2021A000011124,Average weekly earnings including overtime for all employees,Industrial aggregate excluding unclassified businesses [11-91N],Dollars,81,units,0,v79311153,1.2.2,1022.66,A,,,2
2019-07,Canada,2021A000011124,Average weekly earnings including overtime for all employees,Industrial aggregate excluding unclassified businesses [11-91N],Dollars,81,units,0,v79311153,1.2.2,1028.55,A,,,2
2019-08,Canada,2021A000011124,Average weekly earnings including overtime for all employees,Industrial aggregate excluding unclassified businesses [11-91N],Dollars,81,units,0,v79311153,1.2.2,1032.66,A,,,2
2019-09,Canada,2021A000011124,Average weekly earnings including overtime for all employees,Industrial aggregate excluding unclassified businesses [11-91N],Dollars,81,units,0,v79311153,1.2.2,1039.95,B,,,2
2019-10,Canada,2021A000011124,Average weekly earnings including overtime for all employees,Industrial aggregate excluding unclassified businesses [11-91N],Dollars,81,units,0,v79311153,1.2.2,1046.91,B,,,2
2019-11,Canada,2021A000011124,Average weekly earnings including overtime for all employees,Industrial aggregate excluding unclassified businesses [11-91N],Dollars,81,units,0,v79311153,1.2.2,1043.38,B,,,2
2019-12,Canada,2021A000011124,Average weekly earnings including overtime for all employees,Industrial aggregate excluding unclassified businesses [11-91N],Dollars,81,units,0,v79311153,1.2.2,1045.29,B,,,2
2020-01,Canada,2021A000011124,Average weekly earnings including overtime for all employees,Industrial aggregate excluding unclassified businesses [11-91N],Dollars,81,units,0,v79311153,1.2.2,1046.4,B,,,2
2020-02,Canada,2021A000011124,Average weekly earnings including overtime for all employees,Industrial aggregate excluding unclassified businesses [11-91N],Dollars,81,units,0,v79311153,1.2.2,1044.06,B,,,2
2020-03,Canada,2021A000011124,Average weekly earnings including overtime for all employees,Industrial aggregate excluding unclassified businesses [11-91N],Dollars,81,units,0,v79311153,1.2.2,1047.19,B,,,2
2020-04,Canada,2021A000011124,Average weekly earnings including overtime for all employees,Industrial aggregate excluding unclassified businesses [11-91N],Dollars,81,units,0,v79311153,1.2.2,1112.67,B,,,2
2020-05,Canada,2021A000011124,Average weekly earnings including overtime for all employees,Industrial aggregate excluding unclassified businesses [11-91N],Dollars,81,units,0,v79311153,1.2.2,1132.97,B,,,2
2020-06,Canada,2021A000011124,Average weekly earnings including overtime for all employees,Industrial aggregate excluding unclassified businesses [11-91N],Dollars,81,units,0,v79311153,1.2.2,1117.23,B,,,2
2020-07,Canada,2021A000011124,Average weekly earnings including overtime for all employees,Industrial aggregate excluding unclassified businesses [11-91N],Dollars,81,units,0,v79311153,1.2.2,1113.44,B,,,2
2020-08,Canada,2021A000011124,Average weekly earnings including overtime for all employees,Industrial aggregate excluding unclassified businesses [11-91N],Dollars,81,units,0,v79311153,1.2.2,1109.58,B,,,2
2020-09,Canada,2021A000011124,Average weekly earnings including overtime for all employees,Industrial aggregate excluding unclassified businesses [11-91N],Dollars,81,units,0,v79311153,1.2.2,1109.05,B,,,2
2020-10,Canada,2021A000011124,Average weekly earnings including overtime for all employees,Industrial aggregate excluding unclassified businesses [11-91N],Dollars,81,units,0,v79311153,1.2.2,1108.81,B,,,2
2020-11,Canada,2021A000011124,Average weekly earnings including overtime for all employees,Industrial aggregate excluding unclassified businesses [11-91N],Dollars,81,units,0,v79311153,1.2.2,1113.91,B,,,2
2020-12,Canada,2021A000011124,Average weekly earnings including overtime for all employees,Industrial aggregate excluding unclassified businesses [11-91N],Dollars,81,units,0,v79311153,1.2.2,1117.33,B,,,2
2021-01,Canada,2021A000011124,Average weekly earnings including overtime for all employees,Industrial aggregate excluding unclassified businesses [11-91N],Dollars,81,units,0,v79311153,1.2.2,1129.34,B,,,2
2021-02,Canada,2021A000011124,Average weekly earnings including overtime for all employees,Industrial aggregate excluding unclassified businesses [11-91N],Dollars,81,units,0,v79311153,1.2.2,1131.71,B,,,2
2021-03,Canada,2021A000011124,Average weekly earnings including overtime for all employees,Industrial aggregate excluding unclassified businesses [11-91N],Dollars,81,units,0,v79311153,1.2.2,1119.84,B,,,2
2021-04,Canada,2021A000011124,Average weekly earnings including overtime for all employees,Industrial aggregate excluding unclassified businesses [11-91N],Dollars,81,units,0,v79311153,1.2.2,1123.27,B,,,2
2021-05,Canada,2021A000011124,Average weekly earnings including overtime for all employees,Industrial aggregate excluding unclassified businesses [11-91N],Dollars,81,units,0,v79311153,1.2.2,1129.39,B,,,2
2021-06,Canada,2021A000011124,Average weekly earnings including overtime for all employees,Industrial aggregate excluding unclassified businesses [11-91N],Dollars,81,units,0,v79311153,1.2.2,1122.89,B,,,2
2021-07,Canada,2021A000011124,Average weekly earnings including overtime for all employees,Industrial aggregate excluding unclassified businesses [11-91N],Dollars,81,units,0,v79311153,1.2.2,1130.67,B,,,2
2021-08,Canada,2021A000011124,Average weekly earnings including overtime for all employees,Industrial aggregate excluding unclassified businesses [11-91N],Dollars,81,units,0,v79311153,1.2.2,1134.11,B,,,2
2021-09,Canada,2021A000011124,Average weekly earnings including overtime for all employees,Industrial aggregate excluding unclassified businesses [11-91N],Dollars,81,units,0,v79311153,1.2.2,1137.03,B,,,2
2021-10,Canada,2021A000011124,Average weekly earnings including overtime for all employees,Industrial aggregate excluding unclassified businesses [11-91N],Dollars,81,units,0,v79311153,1.2.2,1135.59,B,,,2
2021-11,Canada,2021A000011124,Average weekly earnings including overtime for all employees,Industrial aggregate excluding unclassified businesses [11-91N],Dollars,81,units,0,v79311153,1.2.2,1134.67,B,,,2
2021-12,Canada,2021A000011124,Average weekly earnings including overtime for all employees,Industrial aggregate excluding unclassified businesses [11-91N],Dollars,81,units,0,v79311153,1.2.2,1137.74,B,,,2
2022-01,Canada,2021A000011124,Average weekly earnings including overtime for all employees,Industrial aggregate excluding unclassified businesses [11-91N],Dollars,81,units,0,v79311153,1.2.2,1151.64,B,,,2
2022-02,Canada,2021A000011124,Average weekly earnings including overtime for all employees,Industrial aggregate excluding unclassified businesses [11-91N],Dollars,81,units,0,v79311153,1.2.2,1155.53,B,,,2
2022-03,Canada,2021A000011124,Average weekly earnings including overtime for all employees,Industrial aggregate excluding unclassified businesses [11-91N],Dollars,81,units,0,v79311153,1.2.2,1168.12,B,,,2
2022-04,Canada,2021A000011124,Average weekly earnings including overtime for all employees,Industrial aggregate excluding unclassified businesses [11-91N],Dollars,81,units,0,v79311153,1.2.2,1160.38,B,,,2
2022-05,Canada,2021A000011124,Average weekly earnings including overtime for all employees,Industrial aggregate excluding unclassified businesses [11-91N],Dollars,81,units,0,v79311153,1.2.2,1158.91,B,,,2
2022-06,Canada,2021A000011124,Average weekly earnings including overtime for all employees,Industrial aggregate excluding unclassified businesses [11-91N],Dollars,81,units,0,v79311153,1.2.2,1161.67,B,,,2
2022-07,Canada,2021A000011124,Average weekly earnings including overtime for all employees,Industrial aggregate excluding unclassified businesses [11-91N],Dollars,81,units,0,v79311153,1.2.2,1165.13,B,,,2
2022-08,Canada,2021A000011124,Average weekly earnings including overtime for all employees,Industrial aggregate excluding unclassified businesses [11-91N],Dollars,81,units,0,v79311153,1.2.2,1169.34,B,,,2
2022-09,Canada,2021A000011124,Average weekly earnings including overtime for all employees,Industrial aggregate excluding unclassified businesses [11-91N],Dollars,81,units,0,v79311153,1.2.2,1172.11,B,,,2
2022-10,Canada,2021A000011124,Average weekly earnings including overtime for all employees,Industrial aggregate excluding unclassified businesses [11-91N],Dollars,81,units,0,v79311153,1.2.2,1174.95,B,,,2
2022-11,Canada,2021A000011124,Average weekly earnings including overtime for all employees,Industrial aggregate excluding unclassified businesses [11-91N],Dollars,81,units,0,v79311153,1.2.2,1179.75,B,,,2
2022-12,Canada,2021A000011124,Average weekly earnings including overtime for all employees,Industrial aggregate excluding unclassified businesses [11-91N],Dollars,81,units,0,v79311153,1.2.2,1167.79,B,,,2
2023-01,Canada,2021A000011124,Average weekly earnings including overtime for all employees,Industrial aggregate excluding unclassified businesses [11-91N],Dollars,81,units,0,v79311153,1.2.2,1181.9,B,,,2
2023-02,Canada,2021A000011124,Average weekly earnings including overtime for all employees,Industrial aggregate excluding unclassified businesses [11-91N],Dollars,81,units,0,v79311153,1.2.2,1177.29,B,,,2
2023-03,Canada,2021A000011124,Average weekly earnings including overtime for all employees,Industrial aggregate excluding unclassified businesses [11-91N],Dollars,81,units,0,v79311153,1.2.2,1189.09,B,,,2
2023-04,Canada,2021A000011124,Average weekly earnings including overtime for all employees,Industrial aggregate excluding unclassified businesses [11-91N],Dollars,81,units,0,v79311153,1.2.2,1195.6,B,,,2
2023-05,Canada,2021A000011124,Average weekly earnings including overtime for all employees,Industrial aggregate excluding unclassified businesses [11-91N],Dollars,81,units,0,v79311153,1.2.2,1200.75,B,,,2
